create schema if not exists data_sci;

set search_path to data_sci;


drop table if exists company_departments;
create table company_departments (
	id integer,
	department_name text,
	division_name text,
	primary key (id)
);

insert into company_departments values (1, 'automotive', 'auto & hardware');
insert into company_departments values (2, 'baby', 'domestic');
insert into company_departments values (3, 'beauty', 'domestic');
insert into company_departments values (4, 'clothing', 'domestic');
insert into company_departments values (5, 'computers', 'electronic equipment');
insert into company_departments values (6, 'electronics', 'electronic equipment');
insert into company_departments values (7, 'games', 'domestic');
insert into company_departments values (8, 'garden', 'outdoors & garden');
insert into company_departments values (9, 'grocery', 'domestic');
insert into company_departments values (10, 'health', 'domestic');
insert into company_departments values (11, 'home', 'domestic');
insert into company_departments values (12, 'industrial', 'auto & hardware');
insert into company_departments values (13, 'jewelery', 'fashion');
insert into company_departments values (14, 'kids', 'domestic');
insert into company_departments values (15, 'movies', 'entertainment');
insert into company_departments values (16, 'music', 'entertainment');
insert into company_departments values (17, 'outdoors', 'outdoor & garden');
insert into company_departments values (18, 'shoes', 'domestic');
insert into company_departments values (19, 'sports', 'games & sports');
insert into company_departments values (20, 'tools', 'auto & hardware');
insert into company_departments values (21, 'toys', 'games & sports');
insert into company_departments values (22, 'others', 'non-categorized');


drop table if exists company_regions;
create table company_regions (
	id integer,
	region_name text,
	country_name text,
	primary key (id)
);

insert into company_regions values (1, 'northeast', 'usa');
insert into company_regions values (2, 'southeast', 'usa');
insert into company_regions values (3, 'northwest', 'usa');
insert into company_regions values (4, 'southwest', 'usa');
insert into company_regions values (5, 'british colombia', 'canada');
insert into company_regions values (6, 'quebec', 'canada');
insert into company_regions values (7, 'nova scotia', 'canada');


drop table if exists employees;
create table employees
(
	id integer,
	last_name text,
	email text,
	start_date date,
	salary integer,
	job_title text,
	region_id integer,
	department_id integer,
	primary key (id)
);

INSERT INTO employees
VALUES
  (1,'Nita','nunc.in@outlook.edu','2010-06-09',68162,'Eros Turpis Ltd',6,9),
  (2,'Alvin','cras.interdum@icloud.org','2020-12-03',52335,'Dolor Nulla PC',1,15),
  (3,'Amos','gravida.aliquam@protonmail.com','2007-11-05',61636,'Risus In Mi Associates',6,3),
  (4,'Leila','facilisis@protonmail.couk','2012-09-27',69460,'Velit Quisque Varius Associates',4,19),
  (5,'Sonya','eu@yahoo.edu','2012-12-12',61511,'Sagittis Semper LLP',7,7),
  (6,'Axel','penatibus@hotmail.org','2016-01-20',53997,'Penatibus Et PC',5,7),
  (7,'Ulysses','mi@aol.couk','2023-05-21',60423,'Dolor Elit Corporation',3,18),
  (8,'Harlan','integer.id@yahoo.edu','2016-11-19',57175,'Aenean Sed Associates',6,15),
  (9,'Harlan','porttitor.tellus.non@protonmail.edu','2012-04-14',66477,'Eleifend Associates',3,17),
  (10,'Perry','sit.amet@icloud.ca','2012-06-24',55201,'Lectus Nullam Foundation',2,17),
  (11,'Karyn','eget.magna@google.com','2021-10-03',61808,'Etiam Ligula Tortor Associates',3,11),
  (12,'Grant','blandit@outlook.net','2021-05-05',67803,'Neque Pellentesque PC',2,19),
  (13,'Isadora','tempor.augue.ac@protonmail.edu','2019-03-20',50227,'Amet Risus Limited',5,2),
  (14,'Laura','placerat@yahoo.net','2014-03-02',60192,'Donec Sollicitudin Incorporated',4,6),
  (15,'India','libero.et@yahoo.ca','2015-03-09',65085,'Amet Massa Consulting',2,11),
  (16,'Quon','vitae.nibh.donec@icloud.org','2016-05-10',53878,'Diam Lorem PC',5,19),
  (17,'Leila','dui.nec@icloud.com','2010-04-20',54756,'Magnis Dis Parturient Foundation',7,14),
  (18,'Evelyn','sodales.elit@aol.couk','2018-05-07',60188,'Sed Congue PC',5,6),
  (19,'Harlan','mauris.quis.turpis@yahoo.org','2013-05-09',53441,'Nam Corporation',3,1),
  (20,'Elliott','urna.et@protonmail.net','2023-07-25',56306,'Eget Metus Incorporated',3,6),
  (21,'Carlos','aliquet.proin@aol.edu','2012-12-22',59199,'Mi Eleifend Egestas Limited',7,5),
  (22,'Chancellor','faucibus.orci@hotmail.edu','2014-02-27',52943,'Vehicula Et Rutrum LLC',6,11),
  (23,'Zachery','odio.auctor@outlook.com','2007-09-15',51890,'Est Mauris Rhoncus Inc.',7,17),
  (24,'Eleanor','tellus@outlook.com','2020-11-01',64601,'Massa Rutrum Corp.',5,1),
  (25,'Keely','convallis.ante@outlook.net','2013-05-12',64895,'Nonummy Ac Corp.',3,18),
  (26,'Zeus','ac.tellus.suspendisse@aol.couk','2014-02-23',69193,'Nunc Interdum Associates',4,11),
  (27,'Josephine','ultricies.dignissim@protonmail.net','2009-10-21',67648,'Nibh Foundation',5,10),
  (28,'Yeo','egestas.aliquam.fringilla@hotmail.com','2018-03-28',50148,'Odio Semper Consulting',5,20),
  (29,'Julie','sed.orci@yahoo.com','2016-05-11',56055,'Elit Pretium Et Company',4,18),
  (30,'Miriam','est.congue@google.com','2014-08-11',57426,'Ornare In LLP',5,19),
  (31,'Joelle','egestas.a.dui@icloud.edu','2021-03-14',65527,'Elit Sed Consequat Associates',6,22),
  (32,'Virginia','quam.dignissim@aol.ca','2021-02-09',59918,'Feugiat Sed Nec PC',5,16),
  (33,'Keelie','arcu.iaculis@yahoo.couk','2008-09-20',60586,'Porttitor Tellus Non Inc.',4,21),
  (34,'Scarlet','mollis.integer.tincidunt@outlook.com','2016-12-09',50786,'Semper Erat Foundation',7,8),
  (35,'Kenneth','non.sapien.molestie@hotmail.ca','2012-07-06',54003,'Mauris Limited',5,17),
  (36,'Olivia','elementum.purus@outlook.ca','2022-01-05',56348,'Eget Ipsum Inc.',3,14),
  (37,'Karly','enim.commodo@icloud.edu','2013-03-14',52105,'Semper Associates',5,19),
  (38,'Zachery','vitae.velit@google.couk','2011-12-06',59032,'Nascetur Ridiculus Industries',6,1),
  (39,'Jackson','sed.eu.nibh@outlook.edu','2016-01-21',60652,'Volutpat Nulla Associates',2,6),
  (40,'Dominic','pretium.aliquet@hotmail.org','2019-07-24',50034,'Tellus Imperdiet Non Corp.',7,15),
  (41,'Ferdinand','amet.diam@aol.couk','2010-10-01',59233,'Orci LLP',2,5),
  (42,'Kadeem','non.egestas@outlook.edu','2016-07-26',55113,'Ultrices A LLC',3,2),
  (43,'Oscar','nulla.semper@icloud.ca','2009-08-20',57419,'Molestie In Incorporated',5,3),
  (44,'Jerome','ipsum.suspendisse.sagittis@hotmail.com','2013-10-12',64495,'Et Rutrum Non Ltd',4,5),
  (45,'Keith','eu.neque.pellentesque@icloud.couk','2014-11-24',65845,'Arcu Curabitur Incorporated',6,10),
  (46,'Gil','eget.laoreet@icloud.com','2015-02-06',56905,'Consequat LLP',3,6),
  (47,'Jasmine','feugiat.tellus@yahoo.net','2022-06-21',62557,'Pede Sagittis PC',6,15),
  (48,'Tanek','enim@hotmail.couk','2023-11-29',50330,'Enim Gravida Sit LLP',4,10),
  (49,'Jackson','nulla.facilisis@yahoo.edu','2019-11-29',63730,'Luctus Ut Corp.',7,13),
  (50,'Seth','imperdiet@icloud.com','2021-01-11',58183,'Lobortis Quis Ltd',7,3),
  (51,'Montana','vulputate@icloud.couk','2012-05-20',54774,'Montes Nascetur Corporation',4,6),
  (52,'Elton','libero.dui@google.couk','2022-10-26',59606,'Metus Foundation',4,4),
  (53,'Xantha','faucibus.lectus@protonmail.edu','2011-03-10',51519,'Nec Ante Institute',4,20),
  (54,'August','est.arcu@aol.net','2010-01-18',51736,'Enim Diam Ltd',6,18),
  (55,'Clementine','felis.orci@yahoo.net','2017-02-03',52242,'Nec Ante Institute',2,4),
  (56,'Marsden','quis.lectus.nullam@outlook.net','2017-11-30',67570,'Ipsum Non Arcu Incorporated',6,16),
  (57,'Jacob','etiam.laoreet@google.couk','2013-09-21',54102,'Odio Vel Est Corporation',1,9),
  (58,'Kenyon','enim@aol.com','2013-08-28',53189,'Lectus A Sollicitudin PC',3,14),
  (59,'Griffith','dapibus.rutrum@icloud.com','2022-12-03',52863,'Nibh Quisque Nonummy Incorporated',2,14),
  (60,'Reese','vel.lectus.cum@protonmail.net','2013-07-16',57159,'Integer Industries',7,10),
  (61,'Maite','nec.leo.morbi@icloud.org','2020-07-19',55878,'Suscipit Est Ac Ltd',7,9),
  (62,'Castor','at.risus@yahoo.edu','2010-09-21',55597,'Et Malesuada Limited',6,3),
  (63,'Hilel','aliquet.odio@protonmail.net','2013-08-29',56578,'Mattis Cras Corporation',3,19),
  (64,'David','fames@aol.net','2010-12-13',60265,'Nulla Cras Eu LLC',6,4),
  (65,'Cruz','nec.ante@protonmail.couk','2018-08-30',57911,'Cras Sed Corp.',3,9),
  (66,'Dominic','ante.ipsum@outlook.net','2020-02-15',64992,'Auctor Industries',4,2),
  (67,'Irma','euismod.mauris@protonmail.org','2008-02-09',62915,'Sagittis Duis Limited',5,18),
  (68,'Trevor','fermentum.convallis@aol.org','2016-07-06',54776,'Accumsan Neque Et Corp.',7,20),
  (69,'Fuller','scelerisque@protonmail.net','2022-08-16',69942,'Eleifend Non Foundation',1,14),
  (70,'Abbot','sed.tortor.integer@yahoo.net','2023-06-20',69786,'Auctor Velit Corporation',5,18),
  (71,'Jasmine','id.blandit@outlook.com','2022-01-11',58133,'Ipsum Industries',5,6),
  (72,'Price','et@protonmail.ca','2011-01-17',51724,'Aliquam Tincidunt Nunc Corporation',5,2),
  (73,'Clementine','sit.amet@protonmail.org','2019-02-23',50981,'Ac Urna Industries',3,21),
  (74,'Lucius','dolor.sit.amet@aol.org','2013-09-10',61816,'Erat Volutpat Corporation',1,18),
  (75,'Jessica','et@outlook.org','2010-04-27',60438,'Lobortis Inc.',5,11),
  (76,'Scarlett','egestas.lacinia@protonmail.org','2010-10-29',66376,'Eget Lacus Mauris Institute',6,21),
  (77,'Cody','ridiculus.mus@protonmail.ca','2020-01-23',50971,'Ligula Aenean Gravida Incorporated',3,3),
  (78,'Kelly','duis.mi.enim@yahoo.couk','2024-01-31',55982,'At Lacus Quisque Limited',5,20),
  (79,'Gavin','hendrerit.id@aol.org','2007-08-20',65634,'Nisi Incorporated',3,7),
  (80,'Lesley','semper@hotmail.ca','2017-06-27',50526,'Ac Arcu Foundation',5,14),
  (81,'Deacon','ridiculus.mus.aenean@outlook.net','2012-10-31',61785,'Arcu Iaculis Foundation',3,14),
  (82,'Tatiana','ut.mi@yahoo.com','2017-10-19',65285,'Euismod Enim Associates',5,4),
  (83,'Brendan','bibendum.sed.est@yahoo.org','2013-09-15',53136,'Erat Institute',3,14),
  (84,'Shaeleigh','neque.sed@aol.net','2012-04-12',60950,'Maecenas Iaculis Corporation',1,16),
  (85,'Gay','sapien.molestie@yahoo.ca','2022-05-21',54253,'Tellus Non Magna LLP',3,12),
  (86,'Rhiannon','dolor@yahoo.edu','2010-05-03',57226,'In Tincidunt LLC',7,7),
  (87,'Emerson','vel@google.com','2019-09-06',64690,'Id Nunc Institute',4,3),
  (88,'Cleo','eget.volutpat@outlook.couk','2017-03-30',50478,'Ac Inc.',3,17),
  (89,'Melinda','et.euismod@hotmail.ca','2008-12-21',64758,'Eget Ipsum Associates',7,2),
  (90,'Josephine','ante.iaculis@outlook.com','2023-01-23',63794,'Ornare Consulting',2,22),
  (91,'Griffin','neque.pellentesque@google.couk','2007-08-08',61052,'Eros Corp.',5,17),
  (92,'Ignacia','curabitur.massa@hotmail.couk','2022-06-20',56286,'Sagittis Associates',5,3),
  (93,'Seth','cursus@hotmail.org','2008-09-23',53990,'Malesuada Augue Incorporated',5,11),
  (94,'Brady','purus.in.molestie@outlook.com','2008-04-11',53700,'Et Commodo At PC',6,21),
  (95,'Joan','torquent@outlook.org','2013-02-23',55054,'Accumsan Convallis Ante LLP',1,18),
  (96,'Claire','lorem.eu.metus@yahoo.couk','2007-09-29',51115,'Mauris Corp.',4,12),
  (97,'Brian','suscipit@hotmail.com','2018-06-05',63707,'Faucibus Ut PC',4,14),
  (98,'Lane','et.malesuada@aol.edu','2023-01-08',52317,'Donec Foundation',2,19),
  (99,'Zelda','vestibulum.lorem.sit@aol.net','2010-04-24',53041,'Lorem Foundation',2,20),
  (100,'Britanney','at.arcu@outlook.org','2020-12-30',58659,'Dictum LLC',5,3),
  (101,'Neville','ullamcorper.velit@hotmail.org','2011-05-01',54984,'Vel Pede Foundation',1,5),
  (102,'Christopher','dis@outlook.ca','2010-03-21',50054,'Velit Pellentesque Limited',6,12),
  (103,'Irma','lectus.quis@outlook.edu','2016-01-30',55957,'Metus Vitae Institute',6,4),
  (104,'Cally','commodo.ipsum.suspendisse@icloud.edu','2017-06-14',51467,'Nullam Vitae PC',3,21),
  (105,'Bree','egestas.blandit.nam@icloud.edu','2016-06-05',57533,'Risus Foundation',5,7),
  (106,'Guy','lobortis.quis.pede@aol.edu','2015-05-21',68190,'Tincidunt Consulting',2,10),
  (107,'Breanna','fames@icloud.net','2007-08-04',62598,'Dolor Incorporated',6,16),
  (108,'Eugenia','orci@outlook.edu','2017-06-02',67306,'Eget Ipsum Corp.',6,19),
  (109,'Cheyenne','mollis.phasellus@hotmail.edu','2015-05-14',53848,'Augue Eu Tempor Foundation',4,22),
  (110,'Jerome','sit@outlook.edu','2019-11-27',50136,'Aptent Taciti Inc.',7,22),
  (111,'Randall','consectetuer.adipiscing@protonmail.org','2024-05-14',55409,'Enim Sit Institute',7,1),
  (112,'Callum','eget.varius@google.com','2007-12-21',59499,'Mauris Ut Quam Institute',4,8),
  (113,'Liberty','dignissim.pharetra.nam@icloud.edu','2015-11-26',53355,'Erat Etiam LLC',6,1),
  (114,'Jasper','vitae.semper.egestas@aol.edu','2014-01-18',60944,'Magna Nam Limited',3,10),
  (115,'Eleanor','volutpat.ornare@outlook.couk','2020-08-10',52046,'Nec Ante Ltd',5,3),
  (116,'Scott','nunc.risus.varius@yahoo.org','2011-07-28',66142,'Non Massa Non Incorporated',5,6),
  (117,'Hyacinth','vestibulum.massa@outlook.net','2016-08-19',63343,'Malesuada Ut Incorporated',5,20),
  (118,'Nyssa','morbi.tristique@yahoo.couk','2016-10-30',50376,'Phasellus Fermentum Limited',3,21),
  (119,'Blaze','in.nec@yahoo.net','2017-02-28',56844,'Tellus Corporation',1,5),
  (120,'Dahlia','bibendum.fermentum.metus@outlook.org','2023-06-30',65950,'Interdum Curabitur Inc.',4,3),
  (121,'Indira','pede@aol.net','2016-09-20',57393,'Suspendisse Corp.',6,6),
  (122,'Karly','curabitur.ut@protonmail.ca','2021-01-12',51776,'Tristique Pharetra Quisque PC',4,21),
  (123,'Carissa','diam.proin.dolor@hotmail.org','2009-06-14',63102,'Diam Dictum Limited',5,7),
  (124,'Raya','donec.nibh@outlook.com','2021-03-30',68901,'Auctor Quis Tristique Foundation',1,15),
  (125,'Rhonda','sagittis@protonmail.couk','2011-07-12',56246,'Purus Accumsan Ltd',7,6),
  (126,'Brett','donec.sollicitudin@outlook.edu','2018-05-06',50007,'Dignissim Maecenas Foundation',2,17),
  (127,'Carlos','eu@protonmail.org','2017-10-22',54373,'At Libero Foundation',4,4),
  (128,'Omar','posuere.cubilia@protonmail.edu','2018-01-04',54055,'Tristique Ac Corporation',7,13),
  (129,'Thaddeus','nunc@protonmail.ca','2017-06-06',63040,'Eget LLC',6,12),
  (130,'Cameron','fermentum@hotmail.com','2011-12-09',56492,'Lectus Ante Foundation',6,7),
  (131,'Chantale','sollicitudin.adipiscing@yahoo.ca','2019-02-27',58562,'Curabitur LLP',4,17),
  (132,'Mariam','volutpat.nunc.sit@outlook.edu','2019-07-05',57003,'Arcu Corporation',3,13),
  (133,'Nicholas','tincidunt.aliquam.arcu@google.edu','2021-06-22',65689,'Augue Porttitor Interdum Corp.',6,21),
  (134,'Tara','venenatis.a.magna@google.net','2017-01-02',50008,'Diam Corporation',5,14),
  (135,'Eve','iaculis.quis@aol.net','2012-01-25',53469,'Aenean Corporation',5,15),
  (136,'Aquila','proin.velit@hotmail.edu','2015-02-25',51635,'Ipsum LLC',4,20),
  (137,'Sebastian','ultricies.dignissim.lacus@aol.edu','2019-12-25',68288,'Parturient Montes Associates',1,12),
  (138,'Channing','magnis.dis@icloud.couk','2018-12-19',61254,'Sit Amet Inc.',5,5),
  (139,'Wylie','est@protonmail.net','2014-07-26',54770,'Lectus A LLC',5,9),
  (140,'Mara','ante.ipsum.primis@protonmail.org','2010-07-31',67280,'Interdum Nunc Limited',3,16),
  (141,'Elijah','et@outlook.net','2015-03-18',66629,'Et Netus Et LLP',2,16),
  (142,'Kato','senectus@aol.com','2020-07-25',62700,'Vel Vulputate Associates',6,18),
  (143,'Brittany','risus.quisque@hotmail.com','2018-04-21',63787,'Mauris Eu Institute',2,18),
  (144,'Clayton','morbi.tristique@hotmail.couk','2020-07-07',50698,'Integer Mollis Integer Industries',3,21),
  (145,'Stella','dolor.sit@yahoo.couk','2016-11-14',57610,'Inceptos Hymenaeos Limited',5,4),
  (146,'Tanner','velit.egestas@outlook.edu','2023-08-08',51485,'Justo Praesent Luctus PC',4,11),
  (147,'Armando','enim.etiam.imperdiet@yahoo.ca','2008-07-11',51250,'Sit Amet Risus Ltd',7,14),
  (148,'Beck','scelerisque.sed.sapien@aol.ca','2022-05-23',66257,'Massa Integer Corp.',7,12),
  (149,'Cain','fringilla@hotmail.couk','2011-12-14',60955,'Lobortis Industries',7,11),
  (150,'Mohammad','mauris.elit@icloud.edu','2023-11-15',56107,'Molestie Tortor Foundation',3,3),
  (151,'Acton','sit.amet.consectetuer@hotmail.net','2023-04-23',61565,'Odio Phasellus Limited',5,19),
  (152,'Kevyn','luctus.vulputate@google.com','2009-12-12',54513,'Ligula Nullam Feugiat Industries',2,9),
  (153,'Wanda','leo.morbi.neque@icloud.edu','2007-07-02',53097,'Nullam LLC',6,14),
  (154,'Reese','enim.gravida@aol.edu','2017-03-30',63629,'Class Aptent Foundation',2,8),
  (155,'Wing','amet.consectetuer@icloud.com','2010-01-13',53107,'Imperdiet Ornare LLC',7,5),
  (156,'Priscilla','aenean.eget@yahoo.org','2018-05-23',55295,'Semper Egestas Urna Inc.',3,6),
  (157,'Roanna','sed.malesuada@google.org','2013-07-11',68495,'Semper Et Lacinia Inc.',5,21),
  (158,'Jana','tempus.scelerisque.lorem@aol.com','2011-08-20',68291,'Orci Luctus Incorporated',2,15),
  (159,'Chester','tristique.senectus.et@yahoo.com','2008-08-24',68346,'Posuere Cubilia Curae Corp.',3,12),
  (160,'Felicia','sollicitudin.a.malesuada@google.edu','2012-08-20',61065,'Feugiat Nec PC',5,22),
  (161,'Phelan','in.cursus.et@google.net','2022-01-09',64365,'Metus Aenean Foundation',1,11),
  (162,'Echo','nec@google.org','2017-11-12',57959,'Dui Fusce Diam Ltd',6,1),
  (163,'Abra','et.rutrum@yahoo.org','2017-03-23',50689,'Pede Ltd',4,6),
  (164,'Isabelle','aliquam.auctor.velit@google.org','2017-01-07',68852,'Ultrices Mauris Ipsum Ltd',2,20),
  (165,'Charity','mauris.eu@yahoo.net','2014-08-27',68202,'Tincidunt Orci Limited',2,2),
  (166,'Allegra','in.nec.orci@icloud.org','2012-11-02',51884,'Sed Est Nunc Consulting',3,14),
  (167,'Dieter','eget.lacus@yahoo.org','2015-04-12',66007,'Quam Elementum LLP',4,12),
  (168,'Salvador','vestibulum.ut@protonmail.edu','2013-05-18',60704,'Mauris Ut Limited',6,9),
  (169,'Dorothy','suscipit.nonummy@icloud.edu','2013-09-26',63198,'Vestibulum Nec Euismod Corp.',7,16),
  (170,'Paki','class@icloud.couk','2008-01-09',66403,'Hendrerit Donec Porttitor Institute',2,5),
  (171,'Martha','dui@yahoo.ca','2009-12-30',56130,'Nonummy Ac PC',2,13),
  (172,'Ainsley','sit.amet@yahoo.ca','2012-11-01',63122,'Egestas Rhoncus Corp.',2,20),
  (173,'Connor','sit.amet.faucibus@yahoo.org','2020-03-25',57765,'Amet Risus Ltd',5,8),
  (174,'Levi','at.risus@icloud.net','2023-02-20',68875,'Cursus Non Institute',4,17),
  (175,'Noelani','duis@hotmail.com','2024-01-28',66462,'Egestas Sed Corp.',7,10),
  (176,'Rogan','tortor@aol.org','2018-12-19',57818,'Fermentum Arcu Company',2,6),
  (177,'Philip','eu.ligula@icloud.couk','2019-09-03',52036,'Aliquet Lobortis Nisi Industries',2,16),
  (178,'Kasper','nulla.tempor.augue@icloud.org','2014-02-14',54625,'Sociis Natoque Penatibus Corporation',6,20),
  (179,'Tad','vel.venenatis@icloud.com','2007-10-11',56051,'Ac Associates',4,2),
  (180,'Slade','neque.nullam@outlook.edu','2008-03-26',55033,'Nec Ante Maecenas Institute',7,4),
  (181,'Garth','velit.cras@protonmail.org','2016-11-07',54293,'Nec Malesuada Ut Industries',7,11),
  (182,'Mason','pede.nonummy@outlook.net','2013-08-16',62220,'Felis Eget Varius Institute',3,15),
  (183,'Christopher','imperdiet@protonmail.net','2018-01-23',52538,'Sed LLC',2,13),
  (184,'Kaitlin','tellus@protonmail.edu','2014-06-21',64407,'Diam Lorem LLC',7,8),
  (185,'Armando','ullamcorper@aol.org','2012-02-11',56992,'Vel Arcu Industries',5,14),
  (186,'Judah','sapien@outlook.ca','2013-06-21',57302,'Sit Amet Risus Institute',7,18),
  (187,'Malachi','a.magna@aol.com','2008-11-08',68779,'Imperdiet Ornare PC',2,9),
  (188,'Clayton','diam.pellentesque@protonmail.couk','2022-01-17',64387,'Nullam Suscipit Est LLP',2,14),
  (189,'Lucas','facilisi.sed@protonmail.couk','2013-07-05',59693,'Id Corp.',4,19),
  (190,'Maggie','donec@yahoo.net','2018-03-15',54778,'Semper Egestas Corp.',2,4),
  (191,'Lamar','luctus.ipsum.leo@hotmail.org','2019-09-01',51732,'Ac Facilisis Incorporated',6,3),
  (192,'Linus','mus@outlook.com','2017-11-10',61774,'Erat Eget Tincidunt Industries',2,17),
  (193,'Vera','pellentesque.habitant@outlook.org','2022-03-12',68551,'Bibendum Ullamcorper Inc.',2,14),
  (194,'Cade','ultricies@yahoo.net','2020-07-28',64021,'Mauris Elit Ltd',4,16),
  (195,'Olga','etiam@icloud.edu','2015-03-30',69497,'Mattis Cras Eget Ltd',4,8),
  (196,'Autumn','proin.ultrices.duis@outlook.org','2022-11-25',66485,'Cursus Purus Nullam LLP',5,14),
  (197,'Sean','ultrices.posuere@google.org','2015-01-13',64396,'Porttitor Industries',6,19),
  (198,'Timothy','proin.eget.odio@hotmail.ca','2023-12-10',58120,'Quam Ltd',3,10),
  (199,'Lee','elementum@yahoo.net','2007-10-30',65028,'Arcu Eu Foundation',4,4),
  (200,'Rahim','parturient.montes@icloud.edu','2014-12-30',58381,'Non Associates',7,9),
  (201,'Meghan','ligula.aliquam@outlook.org','2012-11-09',66484,'Lorem Ltd',7,17),
  (202,'Yael','duis@icloud.org','2008-11-23',66255,'Odio Aliquam Vulputate Corp.',3,7),
  (203,'Sybil','lorem.ipsum.sodales@outlook.com','2021-04-21',50223,'Eget Lacus Limited',6,19),
  (204,'Constance','nec.diam@protonmail.net','2018-11-01',52392,'In At LLC',2,5),
  (205,'Clayton','odio@google.ca','2010-09-05',50279,'Enim Curabitur Massa Corp.',4,21),
  (206,'Suki','nibh.donec@google.ca','2009-07-04',57342,'Integer Eu Consulting',6,6),
  (207,'Tanisha','duis.cursus.diam@hotmail.com','2009-04-17',66119,'Rutrum Justo Praesent PC',7,6),
  (208,'Sade','tempor.arcu@google.org','2017-06-16',69302,'Bibendum Donec Felis Foundation',2,9),
  (209,'Stephen','lorem.semper@yahoo.couk','2023-12-02',53037,'Tempus Risus LLC',6,6),
  (210,'Lara','augue.id@google.net','2012-04-06',54864,'Est Mauris Rhoncus Corporation',5,13),
  (211,'Rahim','et.lacinia@outlook.couk','2008-12-10',58314,'Sapien Cras Corporation',6,7),
  (212,'Gareth','purus.gravida@google.couk','2022-08-20',61193,'Pharetra Sed LLP',5,3),
  (213,'Selma','sem.ut@icloud.net','2015-12-15',63916,'Posuere Corporation',4,15),
  (214,'Timon','lorem.lorem@protonmail.org','2022-07-29',64800,'Quisque Libero Institute',2,17),
  (215,'Evangeline','amet.metus@hotmail.com','2008-05-20',52844,'Sit Amet LLP',4,12),
  (216,'Russell','donec.non.justo@protonmail.com','2012-11-05',64992,'Duis Risus Incorporated',7,7),
  (217,'Garrett','ipsum.sodales.purus@outlook.com','2014-07-21',57304,'Ut Industries',4,10),
  (218,'Nasim','eu.tempor@protonmail.edu','2024-01-02',54120,'Phasellus Fermentum Corporation',3,20),
  (219,'Armando','vel@google.net','2016-11-29',63760,'Sollicitudin Orci Corp.',5,13),
  (220,'Lamar','nisi.cum@aol.edu','2012-06-09',60109,'Feugiat Industries',2,15),
  (221,'Jescie','lacus.nulla.tincidunt@aol.ca','2013-10-31',66267,'Gravida LLP',6,20),
  (222,'Dennis','sit.amet@hotmail.edu','2022-09-09',50420,'Elit Pede PC',7,10),
  (223,'Benjamin','mauris@outlook.com','2017-06-19',53099,'Aenean Egestas Ltd',2,20),
  (224,'Imogene','aliquam.iaculis.lacus@protonmail.couk','2021-02-23',51277,'Lorem Vehicula Et PC',4,21),
  (225,'Alexa','egestas@protonmail.couk','2018-01-15',62601,'Eros Company',1,5),
  (226,'Xena','et.commodo@outlook.ca','2015-02-20',51438,'A Malesuada Id Corporation',4,13),
  (227,'Edan','egestas.a.scelerisque@hotmail.com','2019-08-21',53996,'Gravida Mauris Limited',4,12),
  (228,'Neville','tellus.eu.augue@google.edu','2009-09-04',68200,'Etiam Vestibulum Massa Ltd',4,14),
  (229,'Ora','nec.tempus.scelerisque@yahoo.ca','2013-05-12',63169,'Mauris Associates',7,8),
  (230,'Fatima','vulputate.posuere@yahoo.edu','2015-12-31',68322,'Elit Dictum Limited',3,18),
  (231,'Rajah','mauris.quis.turpis@protonmail.org','2020-07-28',61736,'Ante Ltd',7,10),
  (232,'Duncan','diam.vel@aol.net','2011-03-30',59838,'Donec Feugiat LLC',4,14),
  (233,'Ivana','aliquam@outlook.org','2014-04-26',56796,'Faucibus Leo Foundation',5,4),
  (234,'Bevis','sem@google.com','2024-07-05',68381,'Proin Ultrices Incorporated',4,21),
  (235,'Jessica','et.malesuada@protonmail.com','2019-08-26',62869,'Quam Vel Sapien Ltd',6,12),
  (236,'Azalia','nulla.semper@hotmail.edu','2013-05-29',55963,'Neque Pellentesque Limited',6,16),
  (237,'Sean','ac@yahoo.com','2007-10-21',61223,'Scelerisque Neque PC',2,13),
  (238,'Sydney','velit@icloud.org','2020-04-02',58392,'Feugiat Ltd',4,11),
  (239,'Celeste','ornare@protonmail.com','2014-05-31',61747,'Mauris Associates',2,17),
  (240,'Avye','rutrum.urna@icloud.ca','2024-01-15',58916,'Euismod In Consulting',1,17),
  (241,'Ebony','proin.vel@icloud.net','2008-08-11',52659,'Bibendum Inc.',2,2),
  (242,'Naida','montes@icloud.net','2009-05-30',57362,'Semper Inc.',7,11),
  (243,'Hop','a.feugiat.tellus@hotmail.ca','2008-11-13',68822,'Laoreet Libero Institute',6,8),
  (244,'Phoebe','est.nunc@outlook.net','2012-05-12',60609,'Ac Incorporated',2,10),
  (245,'Jordan','vel@yahoo.couk','2013-04-14',54157,'Eleifend Cras Ltd',2,8),
  (246,'Jakeem','consectetuer.cursus@hotmail.edu','2011-11-28',55566,'Commodo At Libero Inc.',2,17),
  (247,'Avye','ac.ipsum@aol.ca','2016-09-29',53119,'Turpis Associates',1,17),
  (248,'Zenaida','suspendisse.non@hotmail.org','2019-06-16',67140,'Risus Inc.',2,17),
  (249,'Rudyard','donec.est.nunc@yahoo.couk','2024-01-29',63642,'Metus Urna Industries',6,13),
  (250,'Laura','quis.urna@aol.edu','2016-09-14',69625,'Malesuada Malesuada Industries',4,21),
  (251,'Morgan','ut.pharetra@aol.net','2021-02-11',58063,'Amet Metus Foundation',3,7),
  (252,'Vincent','sapien.gravida@outlook.net','2017-03-21',69165,'Ligula Consectetuer Rhoncus Company',6,7),
  (253,'Paula','aliquam@outlook.ca','2018-02-26',57074,'Dolor PC',4,3),
  (254,'Shana','vitae.aliquam@outlook.com','2024-06-18',51726,'Lobortis Augue Scelerisque Corp.',7,18),
  (255,'Chanda','ornare@icloud.couk','2021-09-27',67444,'Elementum Sem Inc.',5,19),
  (256,'Conan','libero@google.ca','2020-08-20',54790,'Fames Industries',1,1),
  (257,'Drew','et.rutrum.eu@google.couk','2021-01-09',56214,'Augue Associates',5,20),
  (258,'Xanthus','magna.a@aol.com','2007-08-20',68641,'Metus LLC',4,11),
  (259,'Erin','tortor@outlook.org','2021-10-03',62246,'Malesuada Incorporated',3,7),
  (260,'Amy','lobortis.quam@protonmail.net','2007-12-23',54522,'Aliquet Lobortis Associates',5,19),
  (261,'Hu','orci.lobortis@protonmail.org','2019-05-16',59878,'Praesent Eu Nulla Industries',3,12),
  (262,'Troy','est.nunc@aol.couk','2016-11-29',68108,'Nec Industries',6,15),
  (263,'Shaeleigh','lorem.fringilla@outlook.ca','2021-12-24',66122,'Quis Diam Limited',1,12),
  (264,'Sigourney','hendrerit.neque@outlook.edu','2018-08-17',52981,'Egestas Urna LLP',7,8),
  (265,'Shannon','arcu.vestibulum@hotmail.com','2016-04-18',57148,'Mattis Cras Corp.',2,21),
  (266,'Dylan','sagittis.nullam@icloud.couk','2018-12-09',63561,'Tempor Erat Neque PC',5,2),
  (267,'Rafael','est@hotmail.com','2019-05-21',61315,'Quam Dignissim Pharetra LLP',3,5),
  (268,'Amaya','at.egestas@google.couk','2019-02-25',64633,'Nec Urna Ltd',7,17),
  (269,'Nerea','risus.quisque@yahoo.org','2014-07-29',55985,'Et Rutrum Eu Incorporated',4,7),
  (270,'Colorado','at.fringilla.purus@icloud.couk','2009-01-24',56078,'Nascetur Ridiculus Inc.',6,8),
  (271,'Deanna','placerat@google.net','2009-02-23',59425,'Diam Lorem Limited',7,12),
  (272,'Neil','elit.elit@icloud.net','2009-09-13',52146,'Enim Sed Nulla Industries',5,21),
  (273,'Mariko','faucibus.lectus.a@hotmail.couk','2014-03-04',65587,'Tincidunt Congue Institute',3,11),
  (274,'Cara','pharetra.nam.ac@protonmail.ca','2013-09-11',56956,'Nunc Ullamcorper PC',5,15),
  (275,'Aladdin','urna.nunc@protonmail.edu','2007-08-13',55629,'Convallis In Cursus Institute',6,4),
  (276,'Dominique','ipsum.porta.elit@hotmail.ca','2011-06-03',61875,'Nisl Nulla Corp.',4,6),
  (277,'Flynn','cras.eu@aol.couk','2023-04-03',64120,'Egestas Lacinia Limited',5,12),
  (278,'Kareem','hymenaeos.mauris@aol.edu','2010-05-02',51636,'Egestas Blandit Corp.',3,11),
  (279,'Steel','tempor.erat@icloud.couk','2019-12-09',51913,'Vulputate Eu Limited',3,19),
  (280,'Macey','ac.tellus@icloud.edu','2017-02-27',68150,'Habitant Morbi Ltd',6,9),
  (281,'Nayda','nec.quam.curabitur@icloud.ca','2010-09-05',62843,'Donec Est Associates',2,22),
  (282,'Michelle','ridiculus.mus@outlook.net','2013-07-17',64529,'Convallis Est Corporation',4,12),
  (283,'Peter','risus@yahoo.com','2015-10-23',64786,'Egestas Ligula Industries',5,8),
  (284,'Cassidy','ultrices@yahoo.couk','2017-03-01',54084,'Mi Aliquam PC',7,19),
  (285,'Buffy','semper.erat@google.org','2024-01-29',58674,'Egestas Aliquam Nec Incorporated',4,2),
  (286,'Callum','nec.urna@aol.org','2008-04-13',60884,'Semper Egestas Institute',3,19),
  (287,'Ezra','cras@icloud.org','2023-04-18',60142,'Donec Egestas Company',6,7),
  (288,'Selma','ornare@outlook.com','2014-06-25',51261,'Lacus Nulla Corp.',4,11),
  (289,'Darius','id@google.com','2011-12-20',62950,'Placerat Eget Ltd',3,14),
  (290,'Hayes','lorem.tristique.aliquet@hotmail.edu','2010-03-12',59090,'At Institute',5,17),
  (291,'Idona','laoreet.posuere@protonmail.edu','2013-07-29',64170,'Amet Consectetuer Foundation',2,11),
  (292,'Larissa','a.ultricies@google.ca','2021-05-28',62140,'Nulla Facilisi PC',2,4),
  (293,'Dane','facilisis.magna@outlook.net','2018-04-05',52304,'Pede Malesuada Vel Ltd',3,15),
  (294,'Kieran','ipsum.phasellus@hotmail.edu','2019-04-23',52601,'Pellentesque Tellus LLP',3,7),
  (295,'Cleo','molestie.pharetra.nibh@google.net','2013-01-31',64110,'Phasellus Nulla Corporation',1,16),
  (296,'Arden','vulputate.nisi@protonmail.net','2012-11-17',53695,'Donec Est Nunc Consulting',7,3),
  (297,'David','quisque@aol.couk','2012-05-18',55931,'Quam Dignissim Inc.',5,15),
  (298,'Orli','cursus@yahoo.com','2014-04-02',56163,'Eu Accumsan Institute',1,16),
  (299,'Calvin','est.nunc.laoreet@hotmail.com','2022-01-27',51261,'Magna Corporation',3,4),
  (300,'Jason','adipiscing.elit.etiam@hotmail.ca','2020-04-13',62836,'Nullam Vitae Industries',5,12),
  (301,'Paul','nibh@protonmail.ca','2008-02-13',69819,'Purus LLC',3,7),
  (302,'Indira','risus.nulla.eget@google.net','2014-03-22',53930,'Molestie Tortor Inc.',3,4),
  (303,'Marshall','enim.sed@aol.org','2020-08-28',67177,'Pretium Corporation',2,8),
  (304,'Arden','pellentesque.tellus.sem@outlook.net','2024-03-23',67359,'Aliquam Eros Turpis Corporation',4,16),
  (305,'Gemma','nunc@aol.net','2011-06-06',54320,'Mauris Incorporated',4,21),
  (306,'Zahir','placerat.orci@hotmail.couk','2017-08-31',56296,'Vulputate Mauris Sagittis PC',4,14),
  (307,'Adrienne','donec.fringilla@protonmail.ca','2015-10-29',58966,'Malesuada Fames Ac LLP',4,3),
  (308,'Renee','sagittis.placerat@yahoo.com','2017-04-14',60199,'At Pretium Limited',5,21),
  (309,'Lynn','ut.nec@aol.ca','2009-11-20',62028,'Tempor Bibendum Limited',6,17),
  (310,'Price','eleifend.non@protonmail.com','2018-07-16',69904,'Class Aptent Corp.',2,6),
  (311,'Amir','auctor.quis.tristique@yahoo.ca','2022-02-13',56507,'Enim Nunc LLC',3,8),
  (312,'Elaine','proin.vel@icloud.ca','2020-04-10',67339,'Nisi Magna Corp.',4,5),
  (313,'Rowan','nulla.semper.tellus@aol.couk','2012-08-13',65857,'Faucibus Limited',2,19),
  (314,'Blaze','sem@icloud.edu','2018-03-02',61597,'Nec Metus Incorporated',5,5),
  (315,'Reed','duis.mi@hotmail.ca','2014-06-29',53039,'Urna PC',4,8),
  (316,'Regan','ut.odio.vel@outlook.org','2018-08-22',56445,'Convallis PC',6,4),
  (317,'Stewart','tincidunt.dui.augue@google.edu','2016-04-16',50101,'Bibendum Fermentum LLC',5,15),
  (318,'Arthur','sed.nunc@icloud.ca','2013-02-16',55208,'In Molestie Institute',2,20),
  (319,'Hyatt','mauris@icloud.net','2022-11-26',58958,'Dolor Nulla Semper PC',6,21),
  (320,'Justine','sodales.purus@yahoo.couk','2010-05-13',64150,'Suspendisse Sed Inc.',6,1),
  (321,'Kennan','convallis.ligula@hotmail.edu','2016-02-19',52906,'Mauris Non Inc.',7,20),
  (322,'Savannah','lorem.semper.auctor@outlook.couk','2009-09-30',62974,'Augue Porttitor Limited',1,10),
  (323,'Amethyst','lectus.a.sollicitudin@outlook.net','2024-06-29',51641,'Nullam Nisl Corporation',4,10),
  (324,'Gil','quis@hotmail.couk','2010-10-31',51405,'Nulla Semper Corp.',5,7),
  (325,'Rosalyn','interdum.enim@aol.edu','2010-02-04',50089,'Pretium Aliquet Metus Institute',7,11),
  (326,'Allistair','volutpat.ornare@yahoo.com','2014-03-11',50582,'Sed Nec Metus Associates',4,11),
  (327,'Maisie','molestie.in.tempus@hotmail.org','2008-03-17',62551,'Nisi A Associates',3,7),
  (328,'Zane','eu.ultrices@outlook.com','2009-09-30',56317,'Vivamus Nibh Dolor Institute',7,10),
  (329,'Phillip','dignissim.pharetra@aol.com','2012-03-20',67983,'Nam Consequat Incorporated',6,18),
  (330,'Erich','sem.mollis@outlook.ca','2011-09-19',58568,'Aliquet Proin Velit LLC',3,14),
  (331,'Brady','mauris.aliquam@icloud.edu','2020-06-07',50324,'Lorem PC',6,9),
  (332,'Adam','ipsum.dolor.sit@google.org','2013-04-01',68961,'Varius Et Associates',4,15),
  (333,'Blythe','sed@icloud.com','2024-01-05',62970,'Arcu LLC',5,2),
  (334,'Evan','et.arcu.imperdiet@hotmail.ca','2010-01-06',61314,'Cursus Purus Limited',3,7),
  (335,'Hilel','sem.vitae@protonmail.ca','2009-12-01',54287,'Luctus Corp.',4,16),
  (336,'Dolan','a.felis.ullamcorper@icloud.net','2010-02-21',50400,'Dolor Foundation',2,10),
  (337,'Colette','ut.ipsum@hotmail.org','2014-09-20',69902,'Ac Fermentum Vel LLP',7,9),
  (338,'Fallon','dapibus@outlook.couk','2021-03-15',59446,'Neque Et Nunc LLP',4,9),
  (339,'Jayme','eget.magna@yahoo.edu','2012-05-01',53313,'Facilisis LLC',6,14),
  (340,'Uriah','feugiat.non@yahoo.net','2009-03-07',56481,'Conubia Nostra PC',3,3),
  (341,'Erasmus','tempus@icloud.edu','2011-12-23',54747,'Imperdiet Nec Company',4,17),
  (342,'Dahlia','scelerisque.scelerisque.dui@google.edu','2015-02-02',60919,'Morbi Quis Urna Incorporated',3,22),
  (343,'Emery','feugiat.nec@hotmail.org','2021-02-06',54151,'Molestie Sodales Mauris Corporation',5,22),
  (344,'Caldwell','dolor.fusce.mi@google.couk','2015-08-15',63009,'Ut Incorporated',5,18),
  (345,'Brittany','ipsum.primis@outlook.couk','2014-01-10',53080,'Dui Nec Urna Foundation',4,9),
  (346,'Raphael','egestas@aol.com','2009-10-29',58358,'Mattis Integer Eu Limited',4,7),
  (347,'Odette','odio.a@icloud.edu','2009-11-30',66420,'Morbi Non LLC',2,16),
  (348,'Nissim','vivamus.nibh@yahoo.org','2009-07-30',66331,'Sed Congue Foundation',5,20),
  (349,'Jin','lorem.sit@aol.edu','2013-12-13',66968,'Sodales Purus In LLP',1,5),
  (350,'Madison','amet.consectetuer@aol.edu','2014-02-27',68472,'Donec Tempor Est Corporation',5,11),
  (351,'Linus','malesuada.integer.id@hotmail.couk','2007-11-29',58489,'Lorem Ipsum Sodales Corp.',3,9),
  (352,'Trevor','sed.consequat.auctor@yahoo.org','2008-05-09',50078,'Non Massa Non Incorporated',5,3),
  (353,'Shea','ridiculus@yahoo.edu','2014-01-26',65222,'Et Consulting',6,7),
  (354,'Declan','dolor@icloud.ca','2018-03-13',52678,'Vestibulum Ut Incorporated',7,19),
  (355,'Dawn','elit.fermentum@icloud.ca','2021-01-12',54733,'Rhoncus Corporation',3,4),
  (356,'Neil','felis.purus@yahoo.com','2014-01-03',56308,'Quis Lectus Nullam LLP',4,14),
  (357,'Kiayada','a.scelerisque@outlook.couk','2014-12-24',50753,'Eget Dictum PC',7,16),
  (358,'Shad','orci@outlook.net','2014-04-10',53244,'Vivamus Corporation',7,20),
  (359,'Indira','sed.orci.lobortis@hotmail.ca','2010-11-18',54156,'Lorem Luctus Incorporated',2,3),
  (360,'Noel','interdum.feugiat.sed@outlook.ca','2011-11-20',69659,'Sapien Molestie Incorporated',2,19),
  (361,'Lois','duis.cursus@yahoo.couk','2023-12-18',55471,'Semper Company',3,21),
  (362,'Kimberley','pede.et@protonmail.net','2010-04-22',53455,'Id Sapien Ltd',6,21),
  (363,'Zenia','nunc.ullamcorper.eu@google.edu','2015-06-23',65671,'Eros LLC',3,15),
  (364,'Donovan','a@hotmail.net','2013-02-23',52324,'Imperdiet Non Corp.',6,7),
  (365,'Francis','ut@icloud.net','2021-01-01',54222,'Euismod Enim Inc.',6,10),
  (366,'Steel','ante.maecenas@google.ca','2007-08-02',67392,'Morbi Vehicula Pellentesque Foundation',2,12),
  (367,'Alfreda','cras.eu@outlook.com','2020-07-12',50900,'Nullam Nisl Corporation',2,15),
  (368,'Forrest','rhoncus.id@protonmail.net','2022-03-17',69053,'Donec Incorporated',6,17),
  (369,'Jescie','proin.nisl.sem@icloud.couk','2020-12-03',53625,'Integer Id Incorporated',1,10),
  (370,'Mannix','odio.vel.est@outlook.net','2008-06-05',68219,'Semper Associates',4,14),
  (371,'Ignatius','ac.urna@icloud.edu','2020-02-02',54719,'Id Nunc Incorporated',6,21),
  (372,'Whilemina','tempus.risus.donec@hotmail.net','2024-02-27',61894,'Neque Sed Dictum Institute',4,7),
  (373,'Rhonda','vitae@aol.ca','2017-03-01',69744,'Nascetur Ridiculus Mus Institute',2,3),
  (374,'Keely','dapibus.gravida.aliquam@icloud.org','2014-02-15',66607,'In Consectetuer Ipsum Foundation',5,10),
  (375,'Lacota','consequat.auctor@hotmail.org','2013-04-22',59606,'Odio Semper Cursus Institute',3,6),
  (376,'Kaseem','aliquet@hotmail.couk','2015-03-30',54581,'Ante Inc.',2,1),
  (377,'Jason','cursus.nunc@aol.org','2021-08-08',61074,'Nisi Aenean Eget Incorporated',4,16),
  (378,'Mara','et@google.ca','2010-06-26',63602,'Leo Company',7,6),
  (379,'Brenden','dictum.eu@protonmail.couk','2015-04-28',50428,'Phasellus Dapibus LLP',2,22),
  (380,'India','pede@yahoo.net','2013-01-07',59830,'Vestibulum Mauris Magna Inc.',3,4),
  (381,'Fuller','purus.sapien@protonmail.net','2017-09-21',63160,'Quis Pede Associates',4,1),
  (382,'Christian','eget.venenatis@outlook.org','2019-08-07',64224,'Cursus Purus Nullam Company',5,1),
  (383,'Briar','mi.pede@outlook.net','2021-07-02',57299,'Dictum Proin LLC',6,20),
  (384,'Hamish','at.lacus@hotmail.couk','2014-06-14',52465,'Natoque Inc.',3,6),
  (385,'Lars','magna.malesuada@google.edu','2015-03-28',52591,'Aliquet Inc.',5,20),
  (386,'Emerald','nullam@protonmail.ca','2014-03-17',65555,'Sem Semper Ltd',4,1),
  (387,'Orlando','imperdiet.nec@outlook.com','2015-06-01',50565,'Semper Corp.',3,4),
  (388,'Barclay','sodales.nisi.magna@icloud.org','2017-03-22',55120,'Tempor Erat Foundation',3,11),
  (389,'Jacob','in.felis@protonmail.couk','2011-11-15',66141,'Sed Est LLP',1,1),
  (390,'Virginia','rutrum.magna.cras@aol.edu','2019-09-30',57173,'Non Feugiat Incorporated',6,12),
  (391,'Cynthia','tristique.senectus.et@aol.couk','2012-11-09',66412,'Aliquam Ultrices Corp.',4,19),
  (392,'Jonah','suspendisse.ac@aol.ca','2024-07-15',66403,'Tellus Suspendisse Sed Institute',4,7),
  (393,'Cora','sed.libero@protonmail.net','2023-09-29',57028,'Egestas Aliquam Fringilla Foundation',4,16),
  (394,'Alden','est@outlook.ca','2020-01-29',62574,'Integer PC',5,10),
  (395,'Herman','lobortis.quis.pede@yahoo.couk','2015-01-01',69534,'Est Mauris Ltd',1,3),
  (396,'Amy','ante@yahoo.com','2014-01-28',53019,'Accumsan Interdum Incorporated',1,8),
  (397,'Solomon','donec.fringilla@aol.ca','2021-05-30',52493,'Lorem Donec Industries',6,16),
  (398,'Kirestin','penatibus@aol.net','2012-08-09',68781,'Euismod Ac Fermentum Incorporated',4,5),
  (399,'Bell','arcu.vestibulum.ante@icloud.net','2021-10-20',67894,'Magna A Limited',4,15),
  (400,'Tamekah','fringilla@protonmail.net','2011-10-10',65409,'Nisl Company',3,7),
  (401,'Zenia','erat@aol.org','2015-08-30',53143,'Imperdiet Ullamcorper Ltd',5,1),
  (402,'Amena','neque.sed@outlook.net','2015-03-17',57089,'Phasellus In LLC',1,4),
  (403,'Jakeem','eu.arcu.morbi@protonmail.org','2021-11-23',59765,'In Dolor Consulting',5,11),
  (404,'Kameko','cursus.et@yahoo.org','2011-03-24',52750,'Viverra Donec LLP',4,15),
  (405,'Kitra','vitae.nibh.donec@outlook.org','2022-10-31',68814,'Enim Commodo LLP',2,2),
  (406,'Jamalia','dapibus.rutrum.justo@icloud.ca','2016-08-23',56504,'Mollis LLP',4,14),
  (407,'Kasimir','est.ac@hotmail.net','2023-08-17',68287,'Morbi Ltd',6,10),
  (408,'Fletcher','egestas.lacinia@protonmail.ca','2015-11-09',51795,'Velit Industries',4,18),
  (409,'Ginger','nunc.interdum@protonmail.org','2024-04-29',57469,'Convallis In Foundation',5,11),
  (410,'Jasmine','lobortis.quis@outlook.net','2014-04-18',56048,'Montes Industries',6,4),
  (411,'James','vel@icloud.couk','2023-06-22',63427,'In Faucibus LLC',7,22),
  (412,'Wang','magna.sed.dui@hotmail.edu','2009-06-17',66907,'Lacinia Vitae Sodales Associates',4,10),
  (413,'Gabriel','sem.egestas.blandit@protonmail.net','2022-01-17',62276,'Donec Luctus Corp.',6,11),
  (414,'Anika','donec@outlook.ca','2022-09-12',55127,'Mattis Semper Dui Inc.',6,11),
  (415,'Aretha','mi.felis@outlook.com','2018-08-28',60388,'Eget Tincidunt Limited',4,4),
  (416,'Joelle','tortor.nibh@protonmail.com','2011-03-18',66245,'Ante Maecenas Mi PC',1,16),
  (417,'Amy','id@yahoo.org','2010-04-17',66739,'Non Dui Company',2,6),
  (418,'Bertha','faucibus.orci@icloud.couk','2016-03-08',62466,'Ante Vivamus Non Industries',5,12),
  (419,'Maxwell','dolor.dolor.tempus@outlook.edu','2019-05-31',58799,'Nascetur Inc.',4,3),
  (420,'Delilah','nec.urna@hotmail.ca','2014-09-10',65587,'Vitae Diam LLP',6,15),
  (421,'Isabella','velit.cras@google.couk','2022-03-26',68806,'Facilisis Suspendisse Commodo Institute',7,14),
  (422,'Deacon','libero.at@outlook.ca','2009-01-12',68374,'Aenean Euismod LLP',2,14),
  (423,'Morgan','vitae.odio@outlook.net','2011-04-05',58237,'Nunc Mauris Elit Ltd',4,1),
  (424,'Abra','nec.urna@google.org','2023-07-01',65902,'Metus Vitae Foundation',7,3),
  (425,'Lila','non.dui@aol.edu','2022-05-05',61065,'Etiam LLC',3,7),
  (426,'Donovan','eros@outlook.ca','2015-12-06',62149,'Ac Corp.',5,17),
  (427,'Raymond','cursus.integer@icloud.couk','2009-12-09',69872,'Aliquet Proin Inc.',2,10),
  (428,'Reece','mauris.blandit@google.net','2011-07-03',54875,'Odio Sagittis Corp.',3,9),
  (429,'Leslie','turpis@protonmail.net','2017-09-02',66313,'Libero Lacus Limited',5,5),
  (430,'Joan','magna.et@hotmail.org','2007-10-11',62969,'Elementum Dui Quis Inc.',1,22),
  (431,'Astra','non.magna@outlook.org','2009-09-04',64025,'Ante Maecenas Ltd',3,10),
  (432,'Denton','ipsum.curabitur.consequat@google.net','2018-10-04',54058,'Libero At Auctor LLP',2,12),
  (433,'McKenzie','sed@google.edu','2015-08-17',61505,'Hendrerit Ltd',4,5),
  (434,'Hayfa','a.auctor@protonmail.org','2016-08-21',67737,'Pede LLP',4,12),
  (435,'Allistair','aenean.eget.metus@yahoo.org','2023-08-07',54376,'Sed Pharetra Felis Corporation',2,5),
  (436,'Genevieve','elit.etiam.laoreet@yahoo.net','2012-01-01',59269,'Mattis LLC',5,10),
  (437,'Irma','a.aliquet@outlook.net','2023-03-11',60240,'Cras Vulputate Limited',4,16),
  (438,'Scarlett','lorem.semper@hotmail.org','2012-10-25',55682,'Dictum Sapien LLC',3,10),
  (439,'Olga','nascetur.ridiculus.mus@aol.edu','2014-06-03',67450,'Eu Nulla Industries',2,3),
  (440,'Dorothy','augue.malesuada@yahoo.com','2008-02-16',51772,'Dictum Ultricies PC',4,21),
  (441,'Ira','eget.ipsum@yahoo.edu','2010-04-13',66700,'Sem Eget Incorporated',3,22),
  (442,'Xander','sapien.aenean@aol.org','2021-01-08',61423,'Magna Phasellus LLP',4,11),
  (443,'Kimberley','diam.duis.mi@protonmail.edu','2019-05-18',58395,'Parturient Montes Ltd',3,3),
  (444,'Fallon','suscipit.nonummy@hotmail.ca','2018-12-15',65668,'Ut Mi Incorporated',5,11),
  (445,'Gary','odio.auctor@google.couk','2018-02-09',52631,'Amet Orci Ut Incorporated',3,8),
  (446,'Byron','cursus.vestibulum.mauris@icloud.com','2008-10-16',52120,'Quis Urna Nunc Inc.',5,15),
  (447,'Kane','malesuada.vel@outlook.ca','2008-09-06',50043,'Amet Risus Donec Incorporated',3,10),
  (448,'Caldwell','mauris.aliquam@google.edu','2021-05-09',68387,'Suscipit Nonummy Ltd',3,6),
  (449,'Mona','morbi.tristique@google.com','2018-11-07',60512,'Rutrum Ltd',1,9),
  (450,'Lucy','est@aol.ca','2021-08-10',61590,'Nonummy Fusce Fermentum Industries',6,8),
  (451,'Len','aliquam.eu@aol.org','2013-03-11',63410,'Sapien Gravida Corp.',2,19),
  (452,'Halla','integer@outlook.ca','2024-06-12',52879,'Morbi Accumsan LLP',3,21),
  (453,'Grady','imperdiet@protonmail.ca','2013-08-27',66423,'Ipsum Curabitur LLP',5,8),
  (454,'Zenaida','egestas.aliquam@protonmail.com','2023-03-02',61414,'Sed Corp.',3,22),
  (455,'Madonna','et.magnis@yahoo.ca','2022-06-15',64368,'Eu Turpis LLP',2,14),
  (456,'Naomi','aliquet@hotmail.edu','2014-08-20',69250,'Commodo Ipsum Foundation',3,21),
  (457,'Daphne','ante@hotmail.org','2014-07-07',58729,'Ipsum Sodales Purus Corp.',2,5),
  (458,'Sasha','velit.justo.nec@hotmail.edu','2014-06-03',50687,'Eu LLC',2,19),
  (459,'Wing','ultrices.a@outlook.org','2016-05-30',57261,'Fermentum Metus Associates',2,15),
  (460,'Zephr','velit@aol.edu','2010-04-05',54521,'Facilisis Lorem Tristique LLP',2,20),
  (461,'Murphy','nisi.nibh@aol.net','2022-07-20',50021,'Ipsum PC',6,19),
  (462,'Aladdin','cras.dictum@aol.com','2014-12-26',59216,'Dolor Sit Amet Foundation',5,18),
  (463,'Hayley','amet.luctus@yahoo.net','2021-03-02',54163,'Sociis Natoque Corp.',6,19),
  (464,'Genevieve','donec.tempus@hotmail.com','2024-01-12',51584,'Felis Institute',5,17),
  (465,'Bell','ligula.consectetuer@outlook.ca','2012-09-07',65735,'Auctor Velit Corporation',2,3),
  (466,'Thor','erat@google.org','2021-11-12',57168,'Commodo Auctor Velit Company',4,10),
  (467,'Darrel','sed.nec@hotmail.org','2015-04-21',51053,'Nec Urna Et Inc.',3,20),
  (468,'Hillary','parturient@protonmail.com','2015-11-30',50663,'Lacus Associates',6,8),
  (469,'Hector','auctor.velit@aol.org','2012-06-04',64384,'Bibendum Fermentum Company',7,16),
  (470,'Aline','mauris.ut.mi@aol.edu','2011-02-26',69121,'Donec Corp.',4,5),
  (471,'Ruby','mauris.eu@protonmail.net','2009-11-09',54336,'Curae Donec Tincidunt Associates',6,4),
  (472,'Jemima','facilisis.suspendisse@google.org','2008-09-01',52530,'Augue Id Ante Industries',3,5),
  (473,'Silas','eget.metus@google.ca','2021-02-04',53176,'Nullam Suscipit LLC',7,18),
  (474,'Illana','enim@outlook.couk','2020-09-22',66626,'Pharetra Ltd',5,16),
  (475,'Steven','id.erat@outlook.net','2021-04-27',67445,'Orci Lacus Vestibulum Corp.',4,11),
  (476,'Cally','neque.pellentesque@hotmail.net','2019-03-07',55038,'Quis Pede Suspendisse Inc.',1,7),
  (477,'Calista','penatibus.et@aol.edu','2024-06-15',56831,'Donec Consectetuer Inc.',3,12),
  (478,'Ciara','placerat.eget.venenatis@hotmail.edu','2015-12-25',67505,'Enim Inc.',6,2),
  (479,'Rae','fusce@google.ca','2024-02-23',52820,'Id Mollis Industries',1,9),
  (480,'Robert','sit.amet@yahoo.ca','2008-06-04',60668,'Cum Sociis LLC',5,7),
  (481,'Clinton','elit.etiam@yahoo.ca','2015-12-12',69419,'Dui Semper Limited',3,18),
  (482,'Serina','sem.nulla.interdum@google.net','2022-10-18',50157,'Facilisis Non Company',6,7),
  (483,'Madeson','ut.ipsum@icloud.com','2021-03-27',60200,'Phasellus Foundation',3,11),
  (484,'Chase','convallis.in@yahoo.couk','2021-09-18',67654,'Eu Ltd',2,1),
  (485,'Libby','diam.at@hotmail.com','2013-07-03',51172,'Tempus Lorem LLP',7,2),
  (486,'Simon','nunc.quis.arcu@hotmail.couk','2021-08-10',56671,'Diam Inc.',2,4),
  (487,'Ciaran','mattis.semper@hotmail.couk','2021-11-19',67069,'Mi Eleifend Company',2,4),
  (488,'Belle','nec.cursus.a@icloud.couk','2021-06-16',63413,'Eget Varius Ultrices Inc.',3,20),
  (489,'Baker','leo@aol.couk','2021-04-26',65545,'Molestie Incorporated',5,20),
  (490,'Abdul','condimentum.eget@yahoo.net','2009-07-08',61610,'Diam Corp.',6,17),
  (491,'Nathaniel','sit@protonmail.couk','2011-06-15',62913,'Mus Proin Ltd',1,20),
  (492,'Vanna','interdum.feugiat.sed@protonmail.couk','2015-08-20',62107,'Nisi Company',4,3),
  (493,'Ulysses','amet.consectetuer@icloud.org','2018-04-20',50082,'Ullamcorper Eu Ltd',7,21),
  (494,'Martin','sit.amet.luctus@aol.com','2021-03-10',50145,'Bibendum Fermentum Company',5,16),
  (495,'Kasimir','montes.nascetur@yahoo.edu','2008-08-03',59618,'Porta Elit A Company',6,19),
  (496,'Anastasia','elit.fermentum@hotmail.edu','2008-07-12',61161,'Integer Vitae Nibh Associates',3,12),
  (497,'Dean','proin@protonmail.couk','2012-04-14',59429,'Lectus Quis Massa Inc.',4,13),
  (498,'Brynn','vitae@outlook.ca','2012-05-10',63881,'Quis Turpis Vitae Industries',5,5),
  (499,'Elmo','sem.mollis.dui@icloud.ca','2022-11-06',69657,'Facilisis Associates',1,21),
  (500,'Lee','vestibulum.massa@outlook.ca','2017-07-19',55914,'Venenatis Vel Faucibus Associates',3,16);